<?xml version="1.0" encoding="UTF-8"?>
<con:soapui-project id="4dba0ca1-294d-43e3-9bca-0ed3d3da9e43" activeEnvironment="Default" name="REST Project 1" resourceRoot="${projectDir}" soapui-version="5.5.0" abortOnError="false" runType="SEQUENTIAL" xmlns:con="http://eviware.com/soapui/config"><con:settings/><con:interface xsi:type="con:RestService" id="f989728c-468b-4067-916d-220aa6a090a8" wadlVersion="http://wadl.dev.java.net/2009/02" name="REST Project 1" type="rest" basePath="/cxf/userservice" definitionUrl="C:\Users\Администратор\Desktop\userservice.xml" xmlns:xsi="http://www.w3.org/2001/XMLSchema-instance"><con:settings/><con:definitionCache type="TEXT" rootPart="file:/C:/Users/Администратор/Desktop/userservice.xml"><con:part><con:url>file:/C:/Users/Администратор/Desktop/userservice.xml</con:url><con:content><![CDATA[<application xmlns="http://wadl.dev.java.net/2009/02" xmlns:xs="http://www.w3.org/2001/XMLSchema">
  <grammars>
    <xs:schema attributeFormDefault="unqualified" elementFormDefault="unqualified">
      <xs:element name="User" type="user"/>
      <xs:complexType name="user">
        <xs:sequence>
          <xs:element minOccurs="0" name="birthday" type="xs:string"/>
          <xs:element name="id" type="xs:long"/>
          <xs:element minOccurs="0" name="income" type="xs:double"/>
          <xs:element minOccurs="0" name="name" type="xs:string"/>
          <xs:element minOccurs="0" name="passportNumber" type="xs:long"/>
          <xs:element minOccurs="0" name="patronymic" type="xs:string"/>
          <xs:element minOccurs="0" name="surname" type="xs:string"/>
        </xs:sequence>
      </xs:complexType>
    </xs:schema>
  </grammars>
  <resources base="http://localhost:8181/cxf/userservice">
    <resource path="/">
      <resource path="users/">
        <method name="POST">
          <request>
            <representation mediaType="*/*"/>
          </request>
          <response>
            <representation mediaType="*/*"/>
          </response>
        </method>
      </resource>
      <resource path="users/{id}/">
        <param name="id" style="template" type="xs:long"/>
        <method name="DELETE">
          <request/>
          <response>
            <representation mediaType="*/*"/>
          </response>
        </method>
        <method name="GET">
          <request/>
          <response>
            <representation mediaType="*/*"/>
          </response>
        </method>
        <method name="PUT">
          <request>
            <representation mediaType="*/*"/>
          </request>
          <response>
            <representation mediaType="*/*"/>
          </response>
        </method>
      </resource>
    </resource>
  </resources>
</application>]]></con:content><con:type>http://wadl.dev.java.net/2009/02</con:type></con:part></con:definitionCache><con:endpoints><con:endpoint>http://localhost:8181</con:endpoint></con:endpoints><con:resource name="/" path="" id="c4f5b698-541e-46d3-901f-3b6b89c134b8"><con:settings/><con:parameters/><con:resource name="users/" path="users/" id="9d2abf1c-127e-4356-aadf-6a13a6a2f14e"><con:settings/><con:parameters/><con:resource name="filter" path="filter" id="dd545559-1652-4192-8e6c-a49213a14c06"><con:settings/><con:parameters/><con:method name="Method 1" id="273f23c1-49db-4dcc-9bb4-e779075bfc31" method="POST"><con:settings/><con:parameters/><con:request name="Request 1" id="0040ea68-ecc8-4b02-a766-7b353ff722a3" mediaType="application/xml" postQueryString="false"><con:settings><con:setting id="com.eviware.soapui.impl.wsdl.WsdlRequest@request-headers">&lt;xml-fragment/></con:setting></con:settings><con:encoding>UTF-8</con:encoding><con:endpoint>http://localhost:8181</con:endpoint><con:request><![CDATA[<Users>
	<User>
		<name>Иван</name>
		<surname>Рыбаченко</surname>
		<patronymic>Александрович</patronymic>
		<birthday>15-05-1999</birthday>
		<passportNumber>3213272839</passportNumber>
		<income>15000</income>
	</User>
	<User>
		<name>Андрей</name>
		<surname>Рыбаченко</surname>
		<patronymic>Александрович</patronymic>
		<birthday>15-05-1999</birthday>
		<passportNumber>3213272839</passportNumber>
		<income>25000</income>
	</User>
	<User>
		<name>Михаил</name>
		<surname>Рыбаченко</surname>
		<patronymic>Александрович</patronymic>
		<birthday>15-05-1999</birthday>
		<passportNumber>3213272839</passportNumber>
		<income>15000</income>
	</User>
	<User>
		<name>Иван</name>
		<surname>Рыбаченко</surname>
		<patronymic>Александрович</patronymic>
		<birthday>15-05-19999</birthday>
		<passportNumber>3213272839</passportNumber>
		<income>15000</income>
	</User>
</Users>]]></con:request><con:originalUri>http://localhost/cxf/userservice/users/filter</con:originalUri><con:credentials><con:authType>No Authorization</con:authType></con:credentials><con:jmsConfig JMSDeliveryMode="PERSISTENT"/><con:jmsPropertyConfig/><con:parameters/></con:request></con:method></con:resource><con:method name="add user" id="f8250553-e6ab-44a7-90f7-5bed276fccf9" method="POST"><con:settings/><con:parameters/><con:representation type="REQUEST" id=""><con:mediaType>*/*</con:mediaType><con:params/><con:element xsi:nil="true"/><con:description xsi:nil="true"/></con:representation><con:representation type="RESPONSE" id=""><con:mediaType>*/*</con:mediaType><con:params/><con:element xsi:nil="true"/><con:description xsi:nil="true"/></con:representation><con:request name="addIvan" id="d6de2045-9537-49b5-b778-9b3be85dc4f1" mediaType="*/*" postQueryString="false"><con:settings><con:setting id="com.eviware.soapui.impl.wsdl.WsdlRequest@request-headers">&lt;xml-fragment/></con:setting></con:settings><con:endpoint>http://localhost:8181</con:endpoint><con:request><![CDATA[<User>
	<id>1</id>
	<name>Иван</name>
	<surname>Рыбаченко</surname>
	<patronymic>Александрович</patronymic>
	<birthday>15-05-1999</birthday>
	<passportNumber>3213272839</passportNumber>
	<income>15000</income>
</User>]]></con:request><con:credentials><con:authType>No Authorization</con:authType></con:credentials><con:jmsConfig JMSDeliveryMode="PERSISTENT"/><con:jmsPropertyConfig/><con:parameters/></con:request></con:method></con:resource><con:resource name="users/{id}/" path="users/{passport}/" id="7f53f225-e64e-48bc-855c-61ba72ecb63e"><con:settings/><con:parameters><con:parameter><con:name>passport</con:name><con:value xsi:nil="true"/><con:style>TEMPLATE</con:style><con:type xmlns:xs="http://www.w3.org/2001/XMLSchema">xs:long</con:type><con:default xsi:nil="true"/></con:parameter></con:parameters><con:method name="delete user" id="882e0d0d-08da-4940-9cc9-a66bfc620d53" method="DELETE"><con:settings/><con:parameters/><con:representation type="RESPONSE" id=""><con:mediaType>*/*</con:mediaType><con:params/><con:element xsi:nil="true"/><con:description xsi:nil="true"/></con:representation><con:request name="Request 1" id="4e4de0c5-491b-4797-a9b3-e41d0639aea3" mediaType="application/json" postQueryString="false"><con:settings/><con:endpoint>http://localhost:8181</con:endpoint><con:request/><con:credentials><con:authType>No Authorization</con:authType></con:credentials><con:jmsConfig JMSDeliveryMode="PERSISTENT"/><con:jmsPropertyConfig/><con:parameters/><con:parameterOrder><con:entry>passport</con:entry></con:parameterOrder></con:request></con:method><con:method name="get user" id="dc49e9d1-01cb-40ce-ba51-07d043a63ce6" method="GET"><con:settings/><con:parameters/><con:representation type="RESPONSE" id=""><con:mediaType>*/*</con:mediaType><con:params/><con:element xsi:nil="true"/><con:description xsi:nil="true"/></con:representation><con:request name="Request 1" id="eb52271c-68ac-4610-ba5d-a460f9ac44b5" mediaType="application/json"><con:settings/><con:endpoint>http://localhost:8181</con:endpoint><con:request/><con:credentials><con:authType>No Authorization</con:authType></con:credentials><con:jmsConfig JMSDeliveryMode="PERSISTENT"/><con:jmsPropertyConfig/><con:parameters/><con:parameterOrder><con:entry>passport</con:entry></con:parameterOrder></con:request></con:method><con:method name="update user" id="c03d00f6-9c0a-40ac-b1e2-6d54724b703d" method="PUT"><con:settings/><con:parameters/><con:representation type="REQUEST" id=""><con:mediaType>*/*</con:mediaType><con:params/><con:element xsi:nil="true"/><con:description xsi:nil="true"/></con:representation><con:representation type="RESPONSE" id=""><con:mediaType>*/*</con:mediaType><con:params/><con:element xsi:nil="true"/><con:description xsi:nil="true"/></con:representation><con:request name="updateIvan" id="33d1dc32-6079-489a-a1b8-84dd744f5138" mediaType="*/*" postQueryString="false"><con:settings><con:setting id="com.eviware.soapui.impl.wsdl.WsdlRequest@request-headers">&lt;xml-fragment/></con:setting></con:settings><con:endpoint>http://localhost:8181</con:endpoint><con:request><![CDATA[<User>
	<id>1</id>
	<name>Ivan</name>
	<surname>Rybachenko</surname>
	<patronymic>Alexandrovich</patronymic>
	<birthday>15-05-1999</birthday>
	<passportNumber>3213272839</passportNumber>
	<income>15000</income>
</User>]]></con:request><con:credentials><con:authType>No Authorization</con:authType></con:credentials><con:jmsConfig JMSDeliveryMode="PERSISTENT"/><con:jmsPropertyConfig/><con:parameters/><con:parameterOrder><con:entry>passport</con:entry></con:parameterOrder></con:request></con:method></con:resource></con:resource></con:interface><con:interface xsi:type="con:RestService" id="bc63eab5-ffe7-4d9d-99ae-660d333f8d6c" wadlVersion="http://wadl.dev.java.net/2009/02" name="REST Project 1" type="rest" basePath="/cxf/addressservice/" definitionUrl="C:\Users\Администратор\Desktop\addressservice.xml" xmlns:xsi="http://www.w3.org/2001/XMLSchema-instance"><con:settings/><con:definitionCache type="TEXT" rootPart="file:/C:/Users/Администратор/Desktop/addressservice.xml"><con:part><con:url>file:/C:/Users/Администратор/Desktop/addressservice.xml</con:url><con:content><![CDATA[<application xmlns="http://wadl.dev.java.net/2009/02" xmlns:xs="http://www.w3.org/2001/XMLSchema">
  <grammars>
    <xs:schema attributeFormDefault="unqualified" elementFormDefault="unqualified">
      <xs:element name="Address" type="address"/>
      <xs:complexType name="address">
        <xs:sequence>
          <xs:element name="id" type="xs:long"/>
          <xs:element minOccurs="0" name="country" type="xs:string"/>
          <xs:element minOccurs="0" name="region" type="xs:string"/>
          <xs:element minOccurs="0" name="city" type="xs:string"/>
          <xs:element minOccurs="0" name="street" type="xs:string"/>
          <xs:element minOccurs="0" name="houseNumber" type="xs:string"/>
          <xs:element minOccurs="0" name="apartmentNumber" type="xs:string"/>
          <xs:element minOccurs="0" name="Users">
            <xs:complexType>
              <xs:sequence>
                <xs:element maxOccurs="unbounded" minOccurs="0" name="userID" type="xs:long"/>
              </xs:sequence>
            </xs:complexType>
          </xs:element>
        </xs:sequence>
      </xs:complexType>
    </xs:schema>
  </grammars>
  <resources base="http://localhost:8181/cxf/addressservice">
    <resource path="/">
      <resource path="addresses/">
        <method name="POST">
          <request>
            <representation mediaType="*/*"/>
          </request>
          <response>
            <representation mediaType="*/*"/>
          </response>
        </method>
      </resource>
      <resource path="addresses/{id}/">
        <param name="id" style="template" type="xs:long"/>
        <method name="DELETE">
          <request/>
          <response>
            <representation mediaType="*/*"/>
          </response>
        </method>
        <method name="GET">
          <request/>
          <response>
            <representation mediaType="*/*"/>
          </response>
        </method>
        <method name="PUT">
          <request>
            <representation mediaType="*/*"/>
          </request>
          <response>
            <representation mediaType="*/*"/>
          </response>
        </method>
      </resource>
    </resource>
  </resources>
</application>]]></con:content><con:type>http://wadl.dev.java.net/2009/02</con:type></con:part></con:definitionCache><con:endpoints><con:endpoint>http://localhost:8181</con:endpoint></con:endpoints><con:resource name="/" path="addresses" id="f33f4521-bde5-4dc3-9de3-978411f9ab3d"><con:settings/><con:parameters/><con:resource name="addresses/" path="" id="03fed6a2-25e0-4d8c-ac28-510a96a4a186"><con:settings/><con:parameters/><con:method name="add address" id="20543a16-a2f2-45c6-89a7-47d59a2f3df0" method="POST"><con:settings/><con:parameters/><con:representation type="REQUEST" id=""><con:mediaType>*/*</con:mediaType><con:params/><con:element xsi:nil="true"/><con:description xsi:nil="true"/></con:representation><con:representation type="RESPONSE" id=""><con:mediaType>*/*</con:mediaType><con:params/><con:element xsi:nil="true"/><con:description xsi:nil="true"/></con:representation><con:request name="Request 1" id="e820432f-0066-4fa6-99b1-a72f50299bb2" mediaType="*/*" postQueryString="false"><con:settings><con:setting id="com.eviware.soapui.impl.wsdl.WsdlRequest@request-headers">&lt;xml-fragment/></con:setting></con:settings><con:encoding>UTF-8</con:encoding><con:endpoint>http://localhost:8181</con:endpoint><con:request><![CDATA[<Address>
	<country>Российская Федерация</country>
	<region>Кемеровская область</region>
	<city>Кемерово</city>
	<street>ул. Терешковой</street>
	<houseNumber>37</houseNumber>
	<apartmentNumber>419</apartmentNumber>
	<Users>
		<user>3213272839</user>
	</Users>
</Address>]]></con:request><con:originalUri>http://localhost/cxf/addressservice/addresses/</con:originalUri><con:credentials><con:authType>No Authorization</con:authType></con:credentials><con:jmsConfig JMSDeliveryMode="PERSISTENT"/><con:jmsPropertyConfig/><con:parameters/></con:request></con:method></con:resource><con:resource name="addresses/{id}/" path="{id}/" id="12e12f4f-1321-411b-b849-a6043e7259d7"><con:settings/><con:parameters><con:parameter><con:name>id</con:name><con:value xsi:nil="true"/><con:style>TEMPLATE</con:style><con:type xmlns:xs="http://www.w3.org/2001/XMLSchema">xs:long</con:type><con:default xsi:nil="true"/></con:parameter></con:parameters><con:method name="delete address" id="c4050374-e5f3-43ad-8556-a80648c00d27" method="DELETE"><con:settings/><con:parameters/><con:representation type="RESPONSE" id=""><con:mediaType>*/*</con:mediaType><con:params/><con:element xsi:nil="true"/><con:description xsi:nil="true"/></con:representation><con:request name="Request 1" id="c1532e9d-77e4-4ae8-bb5c-c3c8adf92973" mediaType="application/json" postQueryString="false"><con:settings><con:setting id="com.eviware.soapui.impl.wsdl.WsdlRequest@request-headers">&lt;xml-fragment/></con:setting></con:settings><con:encoding>UTF-8</con:encoding><con:endpoint>http://localhost:8181</con:endpoint><con:request/><con:credentials><con:authType>No Authorization</con:authType></con:credentials><con:jmsConfig JMSDeliveryMode="PERSISTENT"/><con:jmsPropertyConfig/><con:parameters/></con:request></con:method><con:method name="get address" id="0da6e9e6-605f-45b5-811c-d2ba8d5f7453" method="GET"><con:settings/><con:parameters/><con:representation type="RESPONSE" id=""><con:mediaType>*/*</con:mediaType><con:params/><con:element xsi:nil="true"/><con:description xsi:nil="true"/></con:representation><con:request name="Request 1" id="49202ea5-60fa-4615-9714-3534e9b1f147" mediaType="application/json"><con:settings/><con:encoding>UTF-8</con:encoding><con:endpoint>http://localhost:8181</con:endpoint><con:request/><con:credentials><con:authType>No Authorization</con:authType></con:credentials><con:jmsConfig JMSDeliveryMode="PERSISTENT"/><con:jmsPropertyConfig/><con:parameters/></con:request></con:method><con:method name="update address" id="12006707-c925-4ea5-b51e-c8fa1969e6ce" method="PUT"><con:settings/><con:parameters/><con:representation type="REQUEST" id=""><con:mediaType>*/*</con:mediaType><con:params/><con:element xsi:nil="true"/><con:description xsi:nil="true"/></con:representation><con:representation type="RESPONSE" id=""><con:mediaType>*/*</con:mediaType><con:params/><con:element xsi:nil="true"/><con:description xsi:nil="true"/></con:representation><con:request name="Request 1" id="d9d21426-c89b-4caa-810e-1ffff295a04a" mediaType="*/*"><con:settings/><con:encoding>UTF-8</con:encoding><con:endpoint>http://localhost:8181</con:endpoint><con:credentials><con:authType>No Authorization</con:authType></con:credentials><con:parameters/></con:request></con:method></con:resource><con:resource name="sort" path="sort" id="557a9809-e6a8-45d3-afc8-49bf51555653"><con:settings/><con:parameters/><con:method name="Method 1" id="ac3ff449-28e7-4c0c-a69e-6be9cc4b80fd" method="POST"><con:settings/><con:parameters/><con:request name="Request 1" id="02b28950-c357-4ce8-b9dc-edf0d06f5237" mediaType="application/xml" postQueryString="false"><con:settings><con:setting id="com.eviware.soapui.impl.wsdl.WsdlRequest@request-headers">&lt;xml-fragment/></con:setting></con:settings><con:encoding>UTF-8</con:encoding><con:endpoint>http://localhost:8181</con:endpoint><con:request><![CDATA[<Addresses>
	<Address>
		<country>Российская Федерация</country>
		<region>Кемеровская область</region>
		<city>Кемерово</city>
		<street>ул. Терешковой</street>
		<houseNumber>37</houseNumber>
		<apartmentNumber>419</apartmentNumber>
		<Users>
			<user>3213272839</user>
		</Users>
	</Address>
	<Address>
		<country>Российская Федерация</country>
		<region>Кемеровская область</region>
		<city>Томск</city>
		<street>ул. Вершинина</street>
		<houseNumber>39</houseNumber>
		<apartmentNumber>423</apartmentNumber>
		<Users>
			<user>3213272839</user>
		</Users>
	</Address>
	<Address>
		<country>Российская Федерация</country>
		<region>Кемеровская область</region>
		<city>Кемерово</city>
		<street>ул. Терешковой</street>
		<houseNumber>39а</houseNumber>
		<apartmentNumber>423</apartmentNumber>
		<Users>
			<user>3213272839</user>
		</Users>
	</Address>
</Addresses>]]></con:request><con:originalUri>http://localhost/cxf/addressservice/cxf/addressservice/addresses/sort</con:originalUri><con:credentials><con:authType>No Authorization</con:authType></con:credentials><con:jmsConfig JMSDeliveryMode="PERSISTENT"/><con:jmsPropertyConfig/><con:parameters/></con:request></con:method></con:resource><con:resource name="list" path="list/{passport}" id="fe841185-12f3-4bfc-8481-83796c13efc4"><con:settings/><con:parameters><con:parameter><con:name>passport</con:name><con:value/><con:style>TEMPLATE</con:style><con:default/></con:parameter></con:parameters><con:method name="Method 1" id="1b10a1cf-6854-4a79-b797-12ef9b51ecd4" method="GET"><con:settings/><con:parameters/><con:request name="Request 1" id="bea17ada-84c3-4272-b996-56255042ca97" mediaType="application/json"><con:settings/><con:endpoint>http://localhost:8181</con:endpoint><con:request/><con:credentials><con:authType>No Authorization</con:authType></con:credentials><con:jmsConfig JMSDeliveryMode="PERSISTENT"/><con:jmsPropertyConfig/><con:parameters><entry key="passport" value="" xmlns="http://eviware.com/soapui/config"/></con:parameters><con:parameterOrder><con:entry>passport</con:entry></con:parameterOrder></con:request></con:method></con:resource></con:resource></con:interface><con:testSuite id="75c9848e-4cee-4cc0-9e5f-2cba0642cc62" name="TestSuite 1"><con:settings/><con:runType>SEQUENTIAL</con:runType><con:testCase id="0a40ba75-92cc-40eb-9f06-1f7f40d133e1" failOnError="true" failTestCaseOnErrors="true" keepSession="false" maxResults="0" name="Add_Delete_User" searchProperties="true"><con:settings/><con:testStep type="restrequest" name="add Ivan" id="05b7a179-559e-414f-b166-005e853a915f"><con:settings/><con:config service="REST Project 1" resourcePath="/cxf/userservice/users/" methodName="add user" xsi:type="con:RestRequestStep" xmlns:xsi="http://www.w3.org/2001/XMLSchema-instance"><con:restRequest name="add Ivan" id="d6de2045-9537-49b5-b778-9b3be85dc4f1" mediaType="application/xml" postQueryString="false"><con:settings><con:setting id="com.eviware.soapui.impl.wsdl.WsdlRequest@request-headers">&lt;xml-fragment/></con:setting></con:settings><con:encoding>UTF-8</con:encoding><con:endpoint>http://localhost:8181</con:endpoint><con:request><![CDATA[<User>
	<id>1</id>
	<name>Ivan</name>
	<surname>Rybachenko</surname>
	<patronymic>Alexandrovich</patronymic>
	<birthday>15-05-1999</birthday>
	<passportNumber>3213272839</passportNumber>
	<income>15000</income>
</User>]]></con:request><con:originalUri>http://localhost/cxf/userservice/users/</con:originalUri><con:assertion type="Simple Contains" id="40f29aa8-5feb-4a39-86a4-a4e6b3134c4a" name="Contains"><con:configuration><token>3213272839</token><ignoreCase>false</ignoreCase><useRegEx>false</useRegEx></con:configuration></con:assertion><con:credentials><con:authType>No Authorization</con:authType></con:credentials><con:jmsConfig JMSDeliveryMode="PERSISTENT"/><con:jmsPropertyConfig/><con:parameters/></con:restRequest></con:config></con:testStep><con:testStep type="restrequest" name="get user - Request 1" id="5926c042-5165-4287-a27e-7373c44ab84c"><con:settings/><con:config service="REST Project 1" resourcePath="/cxf/userservice/users/{passport}/" methodName="get user" xsi:type="con:RestRequestStep" xmlns:xsi="http://www.w3.org/2001/XMLSchema-instance"><con:restRequest name="get user - Request 1" id="eb52271c-68ac-4610-ba5d-a460f9ac44b5" mediaType="application/json"><con:settings><con:setting id="RecordRequestRepresentations">false</con:setting><con:setting id="com.eviware.soapui.impl.wsdl.WsdlRequest@request-headers">&lt;xml-fragment/></con:setting></con:settings><con:encoding>UTF-8</con:encoding><con:endpoint>http://localhost:8181</con:endpoint><con:request/><con:originalUri>http://localhost/cxf/userservice/users/1/</con:originalUri><con:assertion type="Simple Contains" id="b8a5a195-10dd-4341-9862-b8946167718d" name="Contains"><con:configuration><token>id</token><ignoreCase>false</ignoreCase><useRegEx>false</useRegEx></con:configuration></con:assertion><con:credentials><con:authType>No Authorization</con:authType></con:credentials><con:jmsConfig JMSDeliveryMode="PERSISTENT"/><con:jmsPropertyConfig/><con:parameters><entry key="passport" value="3213272839" xmlns="http://eviware.com/soapui/config"/></con:parameters><con:parameterOrder><con:entry>passport</con:entry></con:parameterOrder></con:restRequest></con:config></con:testStep><con:testStep type="restrequest" name="delete user - Request 1" id="8e3d2b23-4b04-46ca-9f6a-19c949dec34e"><con:settings/><con:config service="REST Project 1" resourcePath="/cxf/userservice/users/{passport}/" methodName="delete user" xsi:type="con:RestRequestStep" xmlns:xsi="http://www.w3.org/2001/XMLSchema-instance"><con:restRequest name="delete user - Request 1" id="4e4de0c5-491b-4797-a9b3-e41d0639aea3" mediaType="application/xml" postQueryString="false"><con:settings><con:setting id="com.eviware.soapui.impl.wsdl.WsdlRequest@request-headers">&lt;xml-fragment/></con:setting></con:settings><con:endpoint>http://localhost:8181</con:endpoint><con:request/><con:originalUri>http://localhost/cxf/userservice/users//</con:originalUri><con:assertion type="Valid HTTP Status Codes" id="5a8c103a-726a-4c51-a7d7-6b335ada54f1" name="Valid HTTP Status Codes"><con:configuration><codes>200</codes></con:configuration></con:assertion><con:credentials><con:authType>No Authorization</con:authType></con:credentials><con:jmsConfig JMSDeliveryMode="PERSISTENT"/><con:jmsPropertyConfig/><con:parameters><entry key="passport" value="3213272839" xmlns="http://eviware.com/soapui/config"/></con:parameters><con:parameterOrder><con:entry>passport</con:entry></con:parameterOrder></con:restRequest></con:config></con:testStep><con:testStep type="restrequest" name="get user - Request 1 1" id="1b97dc9a-48ed-47ce-b473-d8c4b6d45212"><con:settings/><con:config service="REST Project 1" resourcePath="/cxf/userservice/users/{passport}/" methodName="get user" xsi:type="con:RestRequestStep" xmlns:xsi="http://www.w3.org/2001/XMLSchema-instance"><con:restRequest name="get user - Request 1 1" id="eb52271c-68ac-4610-ba5d-a460f9ac44b5" mediaType="application/json"><con:settings><con:setting id="com.eviware.soapui.impl.wsdl.WsdlRequest@request-headers">&lt;xml-fragment/></con:setting></con:settings><con:encoding>UTF-8</con:encoding><con:endpoint>http://localhost:8181</con:endpoint><con:request/><con:originalUri>http://localhost/cxf/userservice/users/1/</con:originalUri><con:assertion type="Valid HTTP Status Codes" id="af988205-d745-4e4a-a533-242f11cb2bbb" name="Valid HTTP Status Codes"><con:configuration><codes>400</codes></con:configuration></con:assertion><con:assertion type="Simple Contains" id="4b49c00f-f243-4565-9679-acc266b4affa" name="Contains"><con:configuration><token>Error</token><ignoreCase>false</ignoreCase><useRegEx>false</useRegEx></con:configuration></con:assertion><con:credentials><con:authType>No Authorization</con:authType></con:credentials><con:jmsConfig JMSDeliveryMode="PERSISTENT"/><con:jmsPropertyConfig/><con:parameters><entry key="passport" value="3213272839" xmlns="http://eviware.com/soapui/config"/></con:parameters><con:parameterOrder><con:entry>passport</con:entry></con:parameterOrder></con:restRequest></con:config></con:testStep><con:properties/></con:testCase><con:testCase id="2d5a50da-7ec7-4010-a60a-4b9d0f39b163" failOnError="true" failTestCaseOnErrors="true" keepSession="false" maxResults="0" name="Add_Delete_Address" searchProperties="true"><con:settings/><con:testStep type="restrequest" name="add user - addIvan" id="0c97e3f8-4cc0-4916-aaf6-0e3c0f95b24d"><con:settings/><con:config service="REST Project 1" resourcePath="/cxf/userservice/users/" methodName="add user" xsi:type="con:RestRequestStep" xmlns:xsi="http://www.w3.org/2001/XMLSchema-instance"><con:restRequest name="add user - addIvan" id="d6de2045-9537-49b5-b778-9b3be85dc4f1" mediaType="*/*" postQueryString="false"><con:settings><con:setting id="com.eviware.soapui.impl.wsdl.WsdlRequest@request-headers">&lt;xml-fragment/></con:setting></con:settings><con:encoding>UTF-8</con:encoding><con:endpoint>http://localhost:8181</con:endpoint><con:request><![CDATA[<User>
	<id>1</id>
	<name>Иван</name>
	<surname>Рыбаченко</surname>
	<patronymic>Александрович</patronymic>
	<birthday>15-05-1999</birthday>
	<passportNumber>3213272839</passportNumber>
	<income>15000</income>
</User>]]></con:request><con:originalUri>http://localhost/cxf/userservice/users/</con:originalUri><con:assertion type="Simple Contains" id="d1da3d9c-4515-4b16-9f89-cb62b1bff414" name="Contains"><con:configuration><token>3213272839</token><ignoreCase>false</ignoreCase><useRegEx>false</useRegEx></con:configuration></con:assertion><con:credentials><con:authType>No Authorization</con:authType></con:credentials><con:jmsConfig JMSDeliveryMode="PERSISTENT"/><con:jmsPropertyConfig/><con:parameters/></con:restRequest></con:config></con:testStep><con:testStep type="restrequest" name="add address - Request 1" id="c9177822-1270-467b-b349-4f16e15dd561"><con:settings/><con:config service="REST Project 1" resourcePath="/cxf/addressservice/addresses" methodName="add address" xsi:type="con:RestRequestStep" xmlns:xsi="http://www.w3.org/2001/XMLSchema-instance"><con:restRequest name="add address - Request 1" id="e820432f-0066-4fa6-99b1-a72f50299bb2" mediaType="*/*" postQueryString="false"><con:settings><con:setting id="com.eviware.soapui.impl.wsdl.WsdlRequest@request-headers">&lt;xml-fragment/></con:setting></con:settings><con:encoding>UTF-8</con:encoding><con:endpoint>http://localhost:8181</con:endpoint><con:request><![CDATA[<Address>
	<country>Российская Федерация</country>
	<region>Кемеровская область</region>
	<city>Кемерово</city>
	<street>ул. Терешковой</street>
	<houseNumber>37</houseNumber>
	<apartmentNumber>419</apartmentNumber>
	<Users>
		<user>3213272839</user>
	</Users>
</Address>]]></con:request><con:originalUri>http://localhost/cxf/addressservice/addresses/</con:originalUri><con:assertion type="Simple Contains" id="57db59f0-fe3d-435d-a5a3-0030352e78ad" name="Contains"><con:configuration><token>Кемерово</token><ignoreCase>false</ignoreCase><useRegEx>false</useRegEx></con:configuration></con:assertion><con:credentials><con:authType>No Authorization</con:authType></con:credentials><con:jmsConfig JMSDeliveryMode="PERSISTENT"/><con:jmsPropertyConfig/><con:parameters/></con:restRequest></con:config></con:testStep><con:testStep type="restrequest" name="get address - Request 1" id="ccd8a21d-195e-4728-b901-7fa7aa81224e"><con:settings/><con:config service="REST Project 1" resourcePath="/cxf/addressservice/addresses/{id}/" methodName="get address" xsi:type="con:RestRequestStep" xmlns:xsi="http://www.w3.org/2001/XMLSchema-instance"><con:restRequest name="get address - Request 1" id="49202ea5-60fa-4615-9714-3534e9b1f147" mediaType="application/json"><con:settings><con:setting id="com.eviware.soapui.impl.wsdl.WsdlRequest@request-headers">&lt;xml-fragment/></con:setting></con:settings><con:encoding>UTF-8</con:encoding><con:endpoint>http://localhost:8181</con:endpoint><con:request/><con:originalUri>http://localhost/cxf/addressservice/addresses/1/</con:originalUri><con:assertion type="Simple Contains" id="f1a2f6b1-893c-4b1d-9a6e-a89d1a833660" name="Contains"><con:configuration><token>Кемерово</token><ignoreCase>false</ignoreCase><useRegEx>false</useRegEx></con:configuration></con:assertion><con:credentials><con:authType>No Authorization</con:authType></con:credentials><con:jmsConfig JMSDeliveryMode="PERSISTENT"/><con:jmsPropertyConfig/><con:parameters><entry key="id" value="1" xmlns="http://eviware.com/soapui/config"/></con:parameters></con:restRequest></con:config></con:testStep><con:testStep type="restrequest" name="delete address - Request 1" id="339f0bc3-9917-40ea-98af-3de80f634f97"><con:settings/><con:config service="REST Project 1" resourcePath="/cxf/addressservice/addresses/{id}/" methodName="delete address" xsi:type="con:RestRequestStep" xmlns:xsi="http://www.w3.org/2001/XMLSchema-instance"><con:restRequest name="delete address - Request 1" id="c1532e9d-77e4-4ae8-bb5c-c3c8adf92973" mediaType="application/json" postQueryString="false"><con:settings><con:setting id="com.eviware.soapui.impl.wsdl.WsdlRequest@request-headers">&lt;xml-fragment/></con:setting></con:settings><con:encoding>UTF-8</con:encoding><con:endpoint>http://localhost:8181</con:endpoint><con:request/><con:originalUri>http://localhost/cxf/addressservice/addresses/1/</con:originalUri><con:assertion type="Valid HTTP Status Codes" id="e47613ce-36b6-410b-9d5a-7325c5d728ec" name="Valid HTTP Status Codes"><con:configuration><codes>200</codes></con:configuration></con:assertion><con:credentials><con:authType>No Authorization</con:authType></con:credentials><con:jmsConfig JMSDeliveryMode="PERSISTENT"/><con:jmsPropertyConfig/><con:parameters><entry key="id" value="2" xmlns="http://eviware.com/soapui/config"/></con:parameters></con:restRequest></con:config></con:testStep><con:testStep type="restrequest" name="get address - Request 1 1" id="7f8dfd95-4d22-415d-8565-cfe51a55fd4c"><con:settings/><con:config service="REST Project 1" resourcePath="/cxf/addressservice/addresses/{id}/" methodName="get address" xsi:type="con:RestRequestStep" xmlns:xsi="http://www.w3.org/2001/XMLSchema-instance"><con:restRequest name="get address - Request 1 1" id="49202ea5-60fa-4615-9714-3534e9b1f147" mediaType="application/json"><con:settings><con:setting id="com.eviware.soapui.impl.wsdl.WsdlRequest@request-headers">&lt;xml-fragment/></con:setting></con:settings><con:encoding>UTF-8</con:encoding><con:endpoint>http://localhost:8181</con:endpoint><con:request/><con:originalUri>http://localhost/cxf/addressservice/addresses/1/</con:originalUri><con:assertion type="Valid HTTP Status Codes" id="cf37e658-b99e-4ac2-87af-089d3dfc874d" name="Valid HTTP Status Codes"><con:configuration><codes>204</codes></con:configuration></con:assertion><con:credentials><con:authType>No Authorization</con:authType></con:credentials><con:jmsConfig JMSDeliveryMode="PERSISTENT"/><con:jmsPropertyConfig/><con:parameters><entry key="id" value="2" xmlns="http://eviware.com/soapui/config"/></con:parameters></con:restRequest></con:config></con:testStep><con:testStep type="restrequest" name="delete user - Request 1" id="4bb84b02-6871-458e-8742-ad25d8e68502"><con:settings/><con:config service="REST Project 1" resourcePath="/cxf/userservice/users/{passport}/" methodName="delete user" xsi:type="con:RestRequestStep" xmlns:xsi="http://www.w3.org/2001/XMLSchema-instance"><con:restRequest name="delete user - Request 1" id="4e4de0c5-491b-4797-a9b3-e41d0639aea3" mediaType="application/json" postQueryString="false"><con:settings><con:setting id="com.eviware.soapui.impl.wsdl.WsdlRequest@request-headers">&lt;xml-fragment/></con:setting></con:settings><con:endpoint>http://localhost:8181</con:endpoint><con:request/><con:originalUri>http://localhost/cxf/userservice/users/3213272839/</con:originalUri><con:assertion type="Valid HTTP Status Codes" id="555cbafe-78ea-4732-b7ec-71d6adc6b021" name="Valid HTTP Status Codes"><con:configuration><codes>200</codes></con:configuration></con:assertion><con:credentials><con:authType>No Authorization</con:authType></con:credentials><con:jmsConfig JMSDeliveryMode="PERSISTENT"/><con:jmsPropertyConfig/><con:parameters><entry key="passport" value="3213272839" xmlns="http://eviware.com/soapui/config"/></con:parameters><con:parameterOrder><con:entry>passport</con:entry></con:parameterOrder></con:restRequest></con:config></con:testStep><con:testStep type="restrequest" name="get user - Request 1" id="318c3610-1ea6-45b8-ae05-4c9ee7d074bf"><con:settings/><con:config service="REST Project 1" resourcePath="/cxf/userservice/users/{passport}/" methodName="get user" xsi:type="con:RestRequestStep" xmlns:xsi="http://www.w3.org/2001/XMLSchema-instance"><con:restRequest name="get user - Request 1" id="eb52271c-68ac-4610-ba5d-a460f9ac44b5" mediaType="application/json"><con:settings><con:setting id="com.eviware.soapui.impl.wsdl.WsdlRequest@request-headers">&lt;xml-fragment/></con:setting></con:settings><con:endpoint>http://localhost:8181</con:endpoint><con:request/><con:originalUri>http://localhost/cxf/userservice/users/3213272839/</con:originalUri><con:assertion type="Valid HTTP Status Codes" id="f223c1ea-c34c-441d-8204-075202616d2b" name="Valid HTTP Status Codes"><con:configuration><codes>204</codes></con:configuration></con:assertion><con:credentials><con:authType>No Authorization</con:authType></con:credentials><con:jmsConfig JMSDeliveryMode="PERSISTENT"/><con:jmsPropertyConfig/><con:parameters><entry key="passport" value="3213272839" xmlns="http://eviware.com/soapui/config"/></con:parameters><con:parameterOrder><con:entry>passport</con:entry></con:parameterOrder></con:restRequest></con:config></con:testStep><con:properties/></con:testCase><con:testCase id="f92e5ad8-c964-4016-bf28-6475a177a81d" failOnError="true" failTestCaseOnErrors="true" keepSession="false" maxResults="0" name="RUS_Add_Delete_User" searchProperties="true"><con:settings/><con:testStep type="restrequest" name="add Ivan" id="e60a9991-5ba5-4835-a7b1-d6a16f7d4a44"><con:settings/><con:config service="REST Project 1" resourcePath="/cxf/userservice/users/" methodName="add user" xsi:type="con:RestRequestStep" xmlns:xsi="http://www.w3.org/2001/XMLSchema-instance"><con:restRequest name="add Ivan" id="d6de2045-9537-49b5-b778-9b3be85dc4f1" mediaType="application/xml" postQueryString="false"><con:settings><con:setting id="com.eviware.soapui.impl.wsdl.WsdlRequest@request-headers">&lt;entry key="Content-Type" value="application/xml; charset=utf-8" xmlns="http://eviware.com/soapui/config"/></con:setting></con:settings><con:encoding>UTF-8</con:encoding><con:endpoint>http://localhost:8181</con:endpoint><con:request><![CDATA[<User>
	<id>1</id>
	<name>Иван</name>
	<surname>Рыбаченко</surname>
	<patronymic>Александрович</patronymic>
	<birthday>15-05-1999</birthday>
	<passportNumber>3213272839</passportNumber>
	<income>15000</income>
</User>]]></con:request><con:originalUri>http://localhost/cxf/userservice/users/</con:originalUri><con:assertion type="Simple Contains" id="40f29aa8-5feb-4a39-86a4-a4e6b3134c4a" name="Contains"><con:configuration><token>3213272839</token><ignoreCase>false</ignoreCase><useRegEx>false</useRegEx></con:configuration></con:assertion><con:credentials><con:authType>No Authorization</con:authType></con:credentials><con:jmsConfig JMSDeliveryMode="PERSISTENT"/><con:jmsPropertyConfig/><con:parameters/></con:restRequest></con:config></con:testStep><con:testStep type="restrequest" name="get user - Request 1" id="18b47601-c732-4f08-872e-1e5c78d73151"><con:settings/><con:config service="REST Project 1" resourcePath="/cxf/userservice/users/{passport}/" methodName="get user" xsi:type="con:RestRequestStep" xmlns:xsi="http://www.w3.org/2001/XMLSchema-instance"><con:restRequest name="get user - Request 1" id="eb52271c-68ac-4610-ba5d-a460f9ac44b5" mediaType="application/json"><con:settings><con:setting id="RecordRequestRepresentations">false</con:setting><con:setting id="com.eviware.soapui.impl.wsdl.WsdlRequest@request-headers">&lt;xml-fragment/></con:setting></con:settings><con:encoding>UTF-8</con:encoding><con:endpoint>http://localhost:8181</con:endpoint><con:request/><con:originalUri>http://localhost/cxf/userservice/users/1/</con:originalUri><con:assertion type="Simple Contains" id="b8a5a195-10dd-4341-9862-b8946167718d" name="Contains"><con:configuration><token>id</token><ignoreCase>false</ignoreCase><useRegEx>false</useRegEx></con:configuration></con:assertion><con:credentials><con:authType>No Authorization</con:authType></con:credentials><con:jmsConfig JMSDeliveryMode="PERSISTENT"/><con:jmsPropertyConfig/><con:parameters><entry key="passport" value="3213272839" xmlns="http://eviware.com/soapui/config"/></con:parameters><con:parameterOrder><con:entry>passport</con:entry></con:parameterOrder></con:restRequest></con:config></con:testStep><con:testStep type="restrequest" name="delete user - Request 1" id="4c208c5b-82f4-4c9f-802d-2b1fc1e339c4"><con:settings/><con:config service="REST Project 1" resourcePath="/cxf/userservice/users/{passport}/" methodName="delete user" xsi:type="con:RestRequestStep" xmlns:xsi="http://www.w3.org/2001/XMLSchema-instance"><con:restRequest name="delete user - Request 1" id="4e4de0c5-491b-4797-a9b3-e41d0639aea3" mediaType="application/json" postQueryString="false"><con:settings><con:setting id="com.eviware.soapui.impl.wsdl.WsdlRequest@request-headers">&lt;xml-fragment/></con:setting></con:settings><con:encoding>UTF-8</con:encoding><con:endpoint>http://localhost:8181</con:endpoint><con:request/><con:originalUri>http://localhost/cxf/userservice/users//</con:originalUri><con:assertion type="Valid HTTP Status Codes" id="5a8c103a-726a-4c51-a7d7-6b335ada54f1" name="Valid HTTP Status Codes"><con:configuration><codes>200</codes></con:configuration></con:assertion><con:credentials><con:authType>No Authorization</con:authType></con:credentials><con:jmsConfig JMSDeliveryMode="PERSISTENT"/><con:jmsPropertyConfig/><con:parameters><entry key="passport" value="3213272839" xmlns="http://eviware.com/soapui/config"/></con:parameters><con:parameterOrder><con:entry>passport</con:entry></con:parameterOrder></con:restRequest></con:config></con:testStep><con:testStep type="restrequest" name="get user - Request 1 1" id="4c35ec27-aa49-4c30-8629-e1b00b60539b"><con:settings/><con:config service="REST Project 1" resourcePath="/cxf/userservice/users/{passport}/" methodName="get user" xsi:type="con:RestRequestStep" xmlns:xsi="http://www.w3.org/2001/XMLSchema-instance"><con:restRequest name="get user - Request 1 1" id="eb52271c-68ac-4610-ba5d-a460f9ac44b5" mediaType="application/json"><con:settings><con:setting id="com.eviware.soapui.impl.wsdl.WsdlRequest@request-headers">&lt;xml-fragment/></con:setting></con:settings><con:encoding>UTF-8</con:encoding><con:endpoint>http://localhost:8181</con:endpoint><con:request/><con:originalUri>http://localhost/cxf/userservice/users/1/</con:originalUri><con:assertion type="Valid HTTP Status Codes" id="af988205-d745-4e4a-a533-242f11cb2bbb" name="Valid HTTP Status Codes"><con:configuration><codes>204</codes></con:configuration></con:assertion><con:credentials><con:authType>No Authorization</con:authType></con:credentials><con:jmsConfig JMSDeliveryMode="PERSISTENT"/><con:jmsPropertyConfig/><con:parameters><entry key="passport" value="3213272839" xmlns="http://eviware.com/soapui/config"/></con:parameters><con:parameterOrder><con:entry>passport</con:entry></con:parameterOrder></con:restRequest></con:config></con:testStep><con:properties/></con:testCase><con:testCase id="7aa33b09-28d5-4602-9753-0206b457e005" failOnError="true" failTestCaseOnErrors="true" keepSession="false" maxResults="0" name="InvalidData" searchProperties="true"><con:settings/><con:testStep type="restrequest" name="add address - Request 1" id="80afff77-53e5-4220-a140-2fb44708807a"><con:settings/><con:config service="REST Project 1" resourcePath="/cxf/addressservice/addresses" methodName="add address" xsi:type="con:RestRequestStep" xmlns:xsi="http://www.w3.org/2001/XMLSchema-instance"><con:restRequest name="add address - Request 1" id="e820432f-0066-4fa6-99b1-a72f50299bb2" mediaType="*/*" postQueryString="false"><con:settings><con:setting id="com.eviware.soapui.impl.wsdl.WsdlRequest@request-headers">&lt;xml-fragment/></con:setting></con:settings><con:encoding>UTF-8</con:encoding><con:endpoint>http://localhost:8181</con:endpoint><con:request><![CDATA[<Address>
	<region>Кемеровская область</region>
	<street>ул. Терешковой</street>
	<houseNumber>-37</houseNumber>
	<apartmentNumber>419</apartmentNumber>
	<Users>
		<user>3213272839</user>
	</Users>
</Address>]]></con:request><con:originalUri>http://localhost/cxf/addressservice/addresses/</con:originalUri><con:credentials><con:authType>No Authorization</con:authType></con:credentials><con:jmsConfig JMSDeliveryMode="PERSISTENT"/><con:jmsPropertyConfig/><con:parameters/></con:restRequest></con:config></con:testStep><con:testStep type="restrequest" name="add address - Request 1 1" id="0af982fd-e587-48a9-ac98-248ca8b68b34"><con:settings/><con:config service="REST Project 1" resourcePath="/cxf/addressservice/addresses" methodName="add address" xsi:type="con:RestRequestStep" xmlns:xsi="http://www.w3.org/2001/XMLSchema-instance"><con:restRequest name="add address - Request 1 1" id="e820432f-0066-4fa6-99b1-a72f50299bb2" mediaType="*/*" postQueryString="false"><con:settings><con:setting id="com.eviware.soapui.impl.wsdl.WsdlRequest@request-headers">&lt;xml-fragment/></con:setting></con:settings><con:encoding>UTF-8</con:encoding><con:endpoint>http://localhost:8181</con:endpoint><con:request><![CDATA[<Address>
	<country>Российская Федерация</country>
	<region>Кемеровская область</region>
	<city>Кемерово</city>
	<street>ул. Терешковой</street>
	<houseNumber>37</houseNumber>
	<apartmentNumber>419</apartmentNumber>
	<Users>
		<user>3213272809</user>
	</Users>
</Address>]]></con:request><con:originalUri>http://localhost/cxf/addressservice/addresses/</con:originalUri><con:credentials><con:authType>No Authorization</con:authType></con:credentials><con:jmsConfig JMSDeliveryMode="PERSISTENT"/><con:jmsPropertyConfig/><con:parameters/></con:restRequest></con:config></con:testStep><con:testStep type="restrequest" name="add address - Request 1 2" id="bfaf891b-595f-495e-b932-cd66496085a4"><con:settings/><con:config service="REST Project 1" resourcePath="/cxf/addressservice/addresses" methodName="add address" xsi:type="con:RestRequestStep" xmlns:xsi="http://www.w3.org/2001/XMLSchema-instance"><con:restRequest name="add address - Request 1 2" id="e820432f-0066-4fa6-99b1-a72f50299bb2" mediaType="*/*" postQueryString="false"><con:settings><con:setting id="com.eviware.soapui.impl.wsdl.WsdlRequest@request-headers">&lt;xml-fragment/></con:setting></con:settings><con:encoding>UTF-8</con:encoding><con:endpoint>http://localhost:8181</con:endpoint><con:request>&lt;Address>
&lt;/Address></con:request><con:originalUri>http://localhost/cxf/addressservice/addresses/</con:originalUri><con:credentials><con:authType>No Authorization</con:authType></con:credentials><con:jmsConfig JMSDeliveryMode="PERSISTENT"/><con:jmsPropertyConfig/><con:parameters/></con:restRequest></con:config></con:testStep><con:properties/></con:testCase><con:testCase id="a329d8c3-4197-4d56-a59a-06869643307e" failOnError="true" failTestCaseOnErrors="true" keepSession="false" maxResults="0" name="AddressSort" searchProperties="true"><con:settings/><con:testStep type="restrequest" name="Method 1 - Request 1" id="3922f675-2394-4a51-8c34-7d51bf56d169"><con:settings/><con:config service="REST Project 1" resourcePath="/cxf/addressservice/addresses/sort" methodName="Method 1" xsi:type="con:RestRequestStep" xmlns:xsi="http://www.w3.org/2001/XMLSchema-instance"><con:restRequest name="Method 1 - Request 1" id="02b28950-c357-4ce8-b9dc-edf0d06f5237" mediaType="application/xml" postQueryString="false"><con:settings><con:setting id="com.eviware.soapui.impl.wsdl.WsdlRequest@request-headers">&lt;xml-fragment/></con:setting></con:settings><con:encoding>UTF-8</con:encoding><con:endpoint>http://localhost:8181</con:endpoint><con:request><![CDATA[<Addresses>
	<Address>
		<country>Российская Федерация</country>
		<region>Кемеровская область</region>
		<city>Кемерово</city>
		<street>ул. Терешковой</street>
		<houseNumber>37</houseNumber>
		<apartmentNumber>419</apartmentNumber>
		<Users>
			<user>3213272839</user>
		</Users>
	</Address>
	<Address>
		<country>Российская Федерация</country>
		<region>Кемеровская область</region>
		<city>Томск</city>
		<street>ул. Вершинина</street>
		<houseNumber>39</houseNumber>
		<apartmentNumber>423</apartmentNumber>
		<Users>
			<user>3213272839</user>
		</Users>
	</Address>
	<Address>
		<country>Российская Федерация</country>
		<region>Кемеровская область</region>
		<city>Кемерово</city>
		<street>ул. Терешковой</street>
		<houseNumber>39а</houseNumber>
		<apartmentNumber>423</apartmentNumber>
		<Users>
			<user>3213272839</user>
		</Users>
	</Address>
	<Address>
		<country>Российская Федерация</country>
		<region>Кемеровская область</region>
		<city>Кемерово</city>
		<street>ул. Терешковой</street>
		<houseNumber>39и</houseNumber>
		<apartmentNumber>423</apartmentNumber>
		<Users>
			<user>3213272839</user>
		</Users>
	</Address>
</Addresses>]]></con:request><con:originalUri>http://localhost/cxf/addressservice/cxf/addressservice/addresses/sort</con:originalUri><con:credentials><con:authType>No Authorization</con:authType></con:credentials><con:jmsConfig JMSDeliveryMode="PERSISTENT"/><con:jmsPropertyConfig/><con:parameters/></con:restRequest></con:config></con:testStep><con:properties/></con:testCase><con:testCase id="d5fd6981-a8c3-4ca1-9030-79265789a0a7" failOnError="true" failTestCaseOnErrors="true" keepSession="false" maxResults="0" name="FilterUsers" searchProperties="true"><con:settings/><con:testStep type="restrequest" name="Method 1 - Request 1" id="c7fc1490-14f0-4fd9-b7fc-bac71c97e64e"><con:settings/><con:config service="REST Project 1" resourcePath="/cxf/userservice/users/filter" methodName="Method 1" xsi:type="con:RestRequestStep" xmlns:xsi="http://www.w3.org/2001/XMLSchema-instance"><con:restRequest name="Method 1 - Request 1" id="0040ea68-ecc8-4b02-a766-7b353ff722a3" mediaType="application/xml" postQueryString="false"><con:settings><con:setting id="com.eviware.soapui.impl.wsdl.WsdlRequest@request-headers">&lt;xml-fragment/></con:setting></con:settings><con:encoding>UTF-8</con:encoding><con:endpoint>http://localhost:8181</con:endpoint><con:request><![CDATA[<Users>
	<User>
		<name>Иван</name>
		<surname>Рыбаченко</surname>
		<patronymic>Александрович</patronymic>
		<birthday>15-05-1999</birthday>
		<passportNumber>3213272839</passportNumber>
		<income>15000</income>
	</User>
	<User>
		<name>Андрей</name>
		<surname>Рыбаченко</surname>
		<patronymic>Александрович</patronymic>
		<birthday>15-05-1999</birthday>
		<passportNumber>3213272839</passportNumber>
		<income>25000</income>
	</User>
	<User>
		<name>Михаил</name>
		<surname>Рыбаченко</surname>
		<patronymic>Александрович</patronymic>
		<birthday>15-05-1999</birthday>
		<passportNumber>3213272839</passportNumber>
		<income>15000</income>
	</User>
	<User>
		<name>Иван</name>
		<surname>Рыбаченко</surname>
		<patronymic>Александрович</patronymic>
		<birthday>15-05-19999</birthday>
		<passportNumber>3213272839</passportNumber>
		<income>15000</income>
	</User>
</Users>]]></con:request><con:originalUri>http://localhost/cxf/userservice/users/filter</con:originalUri><con:credentials><con:authType>No Authorization</con:authType></con:credentials><con:jmsConfig JMSDeliveryMode="PERSISTENT"/><con:jmsPropertyConfig/><con:parameters/></con:restRequest></con:config></con:testStep><con:properties/></con:testCase><con:testCase id="ead50323-a57a-4653-b247-d3fe73ad6c97" failOnError="true" failTestCaseOnErrors="true" keepSession="false" maxResults="0" name="UserMapping" searchProperties="true"><con:settings/><con:testStep type="restrequest" name="add user - addIvan" id="527e4321-a38d-4824-ab2a-206969bdadae"><con:settings/><con:config service="REST Project 1" resourcePath="/cxf/userservice/users/" methodName="add user" xsi:type="con:RestRequestStep" xmlns:xsi="http://www.w3.org/2001/XMLSchema-instance"><con:restRequest name="add user - addIvan" id="d6de2045-9537-49b5-b778-9b3be85dc4f1" mediaType="*/*" postQueryString="false"><con:settings><con:setting id="com.eviware.soapui.impl.wsdl.WsdlRequest@request-headers">&lt;xml-fragment/></con:setting></con:settings><con:encoding>UTF-8</con:encoding><con:endpoint>http://localhost:8181</con:endpoint><con:request><![CDATA[<User>
	<id>1</id>
	<name>Иван</name>
	<surname>Рыбаченко</surname>
	<patronymic>Александрович</patronymic>
	<birthday>15-05-1999</birthday>
	<passportNumber>3213272839</passportNumber>
	<income>15000</income>
</User>]]></con:request><con:originalUri>http://localhost/cxf/userservice/users/</con:originalUri><con:credentials><con:authType>No Authorization</con:authType></con:credentials><con:jmsConfig JMSDeliveryMode="PERSISTENT"/><con:jmsPropertyConfig/><con:parameters/></con:restRequest></con:config></con:testStep><con:testStep type="restrequest" name="add address - Request 1" id="dec6548d-20dc-4e63-a378-c934a80618b9"><con:settings/><con:config service="REST Project 1" resourcePath="/cxf/addressservice/addresses" methodName="add address" xsi:type="con:RestRequestStep" xmlns:xsi="http://www.w3.org/2001/XMLSchema-instance"><con:restRequest name="add address - Request 1" id="e820432f-0066-4fa6-99b1-a72f50299bb2" mediaType="*/*" postQueryString="false"><con:settings><con:setting id="com.eviware.soapui.impl.wsdl.WsdlRequest@request-headers">&lt;xml-fragment/></con:setting></con:settings><con:encoding>UTF-8</con:encoding><con:endpoint>http://localhost:8181</con:endpoint><con:request><![CDATA[<Address>
	<country>Российская Федерация</country>
	<region>Кемеровская область</region>
	<city>Кемерово</city>
	<street>ул. Терешковой</street>
	<houseNumber>37</houseNumber>
	<apartmentNumber>419</apartmentNumber>
	<Users>
		<user>3213272839</user>
	</Users>
</Address>]]></con:request><con:originalUri>http://localhost/cxf/addressservice/addresses/</con:originalUri><con:credentials><con:authType>No Authorization</con:authType></con:credentials><con:jmsConfig JMSDeliveryMode="PERSISTENT"/><con:jmsPropertyConfig/><con:parameters/></con:restRequest></con:config></con:testStep><con:testStep type="restrequest" name="getMapping" id="78137b79-5c02-4b12-87ea-c4ae817e9a35"><con:settings/><con:config service="REST Project 1" resourcePath="/cxf/addressservice/addresses/list/{passport}" methodName="Method 1" xsi:type="con:RestRequestStep" xmlns:xsi="http://www.w3.org/2001/XMLSchema-instance"><con:restRequest name="getMapping" id="bea17ada-84c3-4272-b996-56255042ca97" mediaType="application/json"><con:settings><con:setting id="com.eviware.soapui.impl.wsdl.WsdlRequest@request-headers">&lt;xml-fragment/></con:setting></con:settings><con:encoding>UTF-8</con:encoding><con:endpoint>http://localhost:8181</con:endpoint><con:request/><con:originalUri>http://localhost/cxf/addressservice/addresses/list/</con:originalUri><con:credentials><con:authType>No Authorization</con:authType></con:credentials><con:jmsConfig JMSDeliveryMode="PERSISTENT"/><con:jmsPropertyConfig/><con:parameters><entry key="passport" value="3213272839" xmlns="http://eviware.com/soapui/config"/></con:parameters><con:parameterOrder><con:entry>passport</con:entry></con:parameterOrder></con:restRequest></con:config></con:testStep><con:testStep type="restrequest" name="delete user - Request 1" id="0f2e2438-57fe-49c5-b5f8-c0b86dbfb446"><con:settings/><con:config service="REST Project 1" resourcePath="/cxf/userservice/users/{passport}/" methodName="delete user" xsi:type="con:RestRequestStep" xmlns:xsi="http://www.w3.org/2001/XMLSchema-instance"><con:restRequest name="delete user - Request 1" id="4e4de0c5-491b-4797-a9b3-e41d0639aea3" mediaType="application/json" postQueryString="false"><con:settings><con:setting id="com.eviware.soapui.impl.wsdl.WsdlRequest@request-headers">&lt;xml-fragment/></con:setting></con:settings><con:encoding>UTF-8</con:encoding><con:endpoint>http://localhost:8181</con:endpoint><con:request/><con:originalUri>http://localhost/cxf/userservice/users//</con:originalUri><con:credentials><con:authType>No Authorization</con:authType></con:credentials><con:jmsConfig JMSDeliveryMode="PERSISTENT"/><con:jmsPropertyConfig/><con:parameters><entry key="passport" value="3213272839" xmlns="http://eviware.com/soapui/config"/></con:parameters><con:parameterOrder><con:entry>passport</con:entry></con:parameterOrder></con:restRequest></con:config></con:testStep><con:properties/></con:testCase><con:properties/></con:testSuite><con:properties/><con:wssContainer/><con:oAuth2ProfileContainer/><con:oAuth1ProfileContainer/><con:sensitiveInformation/></con:soapui-project>